Tiรชu ฤแป,Mรด tแบฃ,ฤแปa chแป,Diแปn tรญch,Giรก
"Chแป 15,x Tแปถ: BรN ฤแบคT MแบถT TIแปN PHแบM VแบคN ฤร NแบดNG - Gแบงn BIแปN SฦN TRร: 230mยฒ ngang 11,5m x 20m",,,,"Giรก:15,888 tแปท"
BรN Lร 160M2 NGANG 6 MNGAY MT NGUYแปN VฤN THOแบI  CHแป 18 Tแปถ X,,,,"Giรก:18,3 tแปท"
Cแบงn Bรกn Nhanh Lรด ฤแบฅt Dฦฐฦกng ฤรnh Nghแป Tiแปn รch Vรng Gแบงn Bรฃi Biแปn Phแบกm Vฤn ฤแปng.,,,,"Giรก:9,5 tแปท"
๐ฅHIแบพM๐ฅ100 triแปu/1m2 ฤฦฐแปng Nguyแปn Vฤn Thoแบกi-Giรก tแปt nhแบฅt khu vแปฑc-cรกch biแปn Mแปน Khรช 300m,,,,"Giรก:16,3 tแปท"
CHแปฆ CแบฆN BรN Lร GรC HAI MแบถT TIแปN Lร ฤแปจC THแป - SรT BIแปN - GIร CแปฐC TแปT,,,,Giรก:116 tแปท
โค๏ธ Bรกn ฤแบฅt Kiแปt ฤฦฐแปng Nguyแปn Cรดng Trแปฉ Sฦกn Trร ฤร Nแบตng 116m cแบฅp 4 mแบทt tiแปn 5.11m giรก 5.1 tแปท,,,,"Giรก:5,1 tแปท"
Thanh khoแบฃn Bรกn nhanh lรด ฤแบฅt 775m2 Mแบทt tiแปn hoรng sa sฦกn trร ฤร nแบตng,,,,Giรก:160 triแปu /ยm2
Bรกn cแบทp ฤแบฅt ngay trung tรขm tรi chรญnh sรกt vรต vฤn kiแปt cรกch biแปn 500m sฦกn trร mแปน khรช ฤร nแบตng,,,,"Giรก:20,5 tแปท"
Bรกn nhanh cแบทp ฤแบฅt dฦฐฦกng tแปฑ minh sรกt biแปn phแบกm vฤn ฤแปng sฦกn trร ฤร nแบตng,,,,Giรก:28 tแปท
"HOT HOT ๐ฅ๐ฅBรN NHร MแบถT TIแปN  AN THฦฏแปขNG 11, NGลจ HรNH SฦN,ฤร NแบดNG,S91mยฒ, GIร 13.99Tแปถ",,,,"Giรก:13,999 tแปท"
"*/ Bรกn nhanh lรด ฤแบฅt 2 mแบทt tiแปn ฤฦฐแปng Lรช Thฦฐแปc, Q.Sฦกn Trร, ฤร Nแบตng (cรกch biแปn chแป 700m)",,,,Giรก:10 tแปท
Lร GรC - ฤแบคT KIแปT - OTO TแบฌN NHร - TRแบฆN VฤN Dฦฏ - CHแบพ LAN VIรN -110M2- NGAY BIแปN Mแปธ KHร 100M,,,,"Giรก:6,8 tแปท"
Siรชu phแบฉm! Lรด ฤแบฅt biแปn - 165m2 ngang 6.5m nแป hแบญu - Kแป gรณc Nguyแปn Vฤn Thoแบกi -Cรกch biแปn 100m,,,,"Giรก:18,5 tแปท"
"Lร ฤแบคT 3 MT ฤฦฏแปNG Lร THฦฏแปC, SรT BIแปN Mแปธ KHร, DT 90M2 GIร CHแป 10 Tแป",,,,Giรก:10 tแปท
"Lร ฤแบคT VรNG SรT CแบฆU RแปNG,TRUNG TรM SฦN TRร โ Cฦ HแปI ฤแบฆU Tฦฏ SIรU LแปขI NHUแบฌN",,,,"Giรก:3,88 tแปท"
"Bรกn ฤแบฅt mแบทt tiแปn Nguyแปn Tแบฅt Thรnh โ sรกt gรณc Yรชn Khรช 1, vแป trรญ kim cฦฐฦกng ven biแปn ฤร Nแบตng.",,,,Giรก:24 tแปท
"CแบฆN BรN Lร ฤแบคT MแบถT TIแปN  NAM HOร XUรN , DIแปN TรCH 100M2,THแป Cฦฏ,Sร HแปNG RIรNG",,,,"Giรก:3,6 tแปท"
"๐ฅ Cฦ HแปI HIแบพM โ Lร ฤแบคT VUรNG VแบฎN 52Mยฒ NGAY TRUNG TรM HแบขI CHรU, SรT TIแปU LA  CHแป 2Tแปถ X ๐",,,,"Giรก:2,85 tแปท"
"Lร ฤแบคT 3 MแบถT TIแปN TRแบฆN BแบCH ฤแบฐNG, SรT NGUYแปN VฤN THOแบI, DT 1850M2, GIร HฦN 300 Tแปถ",,,,Giรก:300 tแปท
Lร ฤแบคT SIรU ฤแบธP GIร TแปT ฤฦฏแปNG ฤแป Bร CรCH BIแปN Mแปธ KHร VรI BฦฏแปC CHรN DT 162M2_9M_CHแป 27 Tแปถ,,,,Giรก:27 tแปท
Lร ฤแบคT VIP ฤฦฏแปNG 5.5M NGUYรN VฤN THOแบI CรCH BIแปN Mแปธ KHร 300M_ DT163M2_6.15M Nแป HแบฌU_18.5TY,,,,"Giรก:18,5 tแปท"
"SIรU VIP ๐ฅ๐ฅ๐ฅ BรN ฤแบคT KIแปT ฤแป Bร, KHU PHแป TรY AN THฦฏแปขNG, S200m2, GIร 13.5 Tแปถ",,,,"Giรก:13,5 tแปท"
"VIP VIP VIP ๐ฅ๐ฅ๐ฅBรN GแบคP Lร GรC 2 MแบถT TIแปN NGUYแปN VฤN THOแบI, S220m2, GIร 56.9 Tแปถ",,,,"Giรก:52,9 tแปท"
"HOT HOT๐ฅ๐ฅ๐ฅCHรNH CHแปฆ CแบฆN BรN GแบคP Lร ฤแบคT SรT TRแปคC Vร NGUYรN GIรP, S673m2, GIร 48.9 Tแปถ",,,,"Giรก:48,9 tแปท"
Lร GรC 1000M2 QUแบฌN HแบขI CHรU ฤร NแบดNG - GแบฆN BแบพN DU THUYแปN SรNG HรN - GIร 160 TRIแปU/M2,,,,Giรก:160 tแปท
Lรด ฤแบฅt 3MT ฤฦฐแปng Bแบกch ฤแบฑng Quแบญn Hแบฃi Chรขu ฤร Nแบตng - Diแปn tรญch hฦกn 500m2 -  Giรก 8x tแปท,,,,Giรก:85 tแปท
BรN Lร ฤแบคT 150M2 TRแบฆN VฤN Dฦฏ NGANG 5M65 GแบฆN NGAY BIแปN CHแป 12 Tแปถ X,,,,Giรก:12 ngรn
"Bรกn ฤแบฅt mแบทt tiแปn ฤฦฐแปng Hแป Nghinh ngay Vรต Vฤn Kiแปt sรกt Trung tรขm Tรi Chรญnh 24,5 tแปท/113m",,,,"Giรก:24,5 tแปท"
Bรกn lรด ฤแบฅt 2 mแบทt tiแปn 161m ฤฦฐแปng Nรบi Thรnh ngang 5m4 nแป hแบญu ฤแบนp Vแป Trรญ ฤแบนp nhแบฅt Tuyแบฟn,,,,"Giรก:19,8 tแปท"
Bรกn lรด gรณc 2 mแบทt tiแปn ฤฦฐแปng Hoรng Bแบญt ฤแบกt Khu ฤรดng Trร 227m ngang 8m giรก 8 tแปท chแป 35tr/m,,,,Giรก:8 tแปท
"Bรกn lรด gรณc 2 mแบทt tiแปn ฤแบนp ฤฦฐแปng 7,5m ฤแป Thแบฟ Chแบฅp ngay Biแปn Mแปน Khรช ngang 8m 145m/24 tแปท",,,,Giรก:24 tแปท
"Bรกn lรด gรณc 166m ngang 14m 2 mแบทt tiแปn ฤฦฐแปng Hร Kแปณ Ngแป vร ฤฦฐแปng 10,5m cรกch Biแปn 200m",,,,Giรก:27 tแปท
"Bรกn cแบทp ฤแบฅt 202m ngang 12,5m 2 mแบทt tiแปn ฤฦฐแปng Hร Huy Tแบญp gแบงn Huแปณnh Ngแปc Huแป Quแบญn Thanh Khรช",,,,Giรก:25 tแปท
Bรกn  ฤแบฅt MT ฤฦฐแปng ฤinh Thแป Hรฒa gแบงn biแปn Phแบกm Vฤn ฤแปng.Dt 9m x 20m,,,,Giรก:20 tแปท
Bรกn lรด ฤแบฅt mแบทt tiแปn 2 thรกng 9 - Hรฒa Cฦฐแปng Nam - Hแบฃi Chรขu,,,,Giรก:29 tแปท
SแบฌP HแบฆM! BรN Lร ฤแบคT - 2 MแบถT TIแปN NGUYแปN CรNG TRแปจ - 325m2 Ngang 7.6m - ฤแปI DIแปN BแปNH VIแปN,,,,"Giรก:28,9 tแปท"
BรN Lร ฤแบคT ฤแบธP 500M2 - PHแป TรY AN THฦฏแปขNG - MแบถT TIแปN 12M - ฤแบคT THแป Cฦฏ ฤแป XรY TOร NHร,,,,Giรก:34 tแปท
"Cฦ HแปI ฤแบฆU Tฦฏ - Lร ฤรI MแบถT TIแปN PHแป TรY AN THฦฏแปขNG - 160M2, MแบถT TIแปN 9M- CHแป 27 Tแปถ",,,,Giรก:27 tแปท
"BรN Lร ฤแบคT LแปN ฤแปI DIแปN TRUNG TรM TรI CHรNH QUแปC Tแบพ - Vร VฤN KIแปT - 165M2, GIร CHแป 13 Tแปถ",,,,Giรก:13 tแปท
โโโโSIรU PHแบจM 163 M2 ฤแบคT GแบฆN BIแปN Mแปธ KHร โ CรCH NGUYแปN VฤN THOแบI CHแป VรI BฦฏแปC _๐,,,,"Giรก:18,5 tแปท"
